Simulation Time,Total Vehicles,Passenger,Trucks,Buses,Motorcycles,Bicycles,Emergencies,Trailers,Deliveries,Total Fuel Consumption (ml),Total CO2 Emission (mg),Total CO Emission (mg),Total HC Emission (mg),Total NOx Emission (mg),Total PMx Emission (mg),Total Trip Time (s),Total Delay (s)
60.0,21,20,1,0,0,0,0,0,0,21050.038825013,66173.20865445264,888.5454668897698,5.157839992752792,131.74732709845185,3.3403564616586316,0.0,33.08317052411664
120.0,51,49,1,0,0,0,0,1,0,61916.51892064223,194627.68604786054,3049.8644842965755,16.975957520640932,398.13092545918175,9.962069016628126,151.75,348.3555301386346
180.0,90,88,1,0,0,0,0,1,0,163805.13064384204,514323.11773543584,11624.170926265986,62.958397016265,703.447917711938,20.997768624295325,1017.5,1678.4497582648532
240.0,107,104,1,0,0,0,0,2,0,263294.5535123234,826465.1773145346,18367.699116081207,100.04165480554076,965.0338106757271,29.19187062899831,2324.5,4124.801476814154
300.0,124,121,1,0,0,0,0,2,0,364936.51776409365,1145554.7698132026,26216.79102573942,141.7861553967216,1371.1015358753148,41.32211664971188,4398.5,8461.588770265284
360.0,130,126,1,0,0,0,0,3,0,520291.36657321465,1633869.1755338148,36265.54479479281,196.12497831882317,2263.9448364273476,63.31721724529412,6919.5,14629.330799019
420.0,146,142,1,0,0,0,0,3,0,706588.2976732983,2218996.2173829824,49005.03285732048,265.3997885467752,3152.7775031458073,87.46129459697228,9480.25,22282.63067775812
480.0,166,161,1,0,0,0,0,3,1,893699.4256751066,2806489.6657952303,62613.763492038044,339.1091386988357,3879.3203503135337,108.56937039363258,12534.25,32043.957770066405
540.0,176,172,0,0,0,0,0,3,1,1081868.0113993092,3397219.2136842683,78583.6359268129,423.6966213546816,4603.418041249076,130.5893488968907,15862.75,43367.4650520689
600.0,189,184,0,0,0,0,0,4,1,1280550.6884571905,4021023.80383807,92761.747101605,504.1751868579963,5365.25531263115,153.48186497628785,18914.25,55808.39256982997
660.0,203,198,0,0,0,0,0,4,1,1475220.9495413152,4632149.794404178,106221.86438871123,584.3417771814819,6071.305016709645,174.85098018334568,22354.5,69742.13667089875
720.0,205,199,0,0,0,0,0,5,1,1702221.6773678022,5344632.463139099,126430.79396119325,706.8349514619346,6884.821192146178,202.70580883870335,26524.0,85437.8420913874
780.0,196,190,0,0,0,0,0,5,1,1907029.6202120215,5987987.244771851,140571.75265556606,798.3335411941509,7885.025492012232,231.02541181388406,30489.5,100852.15784604057
840.0,199,192,1,0,0,0,0,5,1,2138761.804639403,6716327.250859152,155956.96199559237,881.0688899861747,9236.477871012652,264.517412461108,34212.75,117788.90359783523
900.0,208,201,1,0,0,0,0,5,1,2363261.4246164938,7421904.928469153,173344.19741803338,979.9745911847933,10517.0209147086,297.5525773465522,38562.75,136002.24085608145
960.0,213,207,1,0,0,0,0,4,1,2599001.9585517654,8161758.746057606,190642.99206317659,1089.2572198798373,11301.430930966548,324.45996909719946,42985.25,154288.0219858892
1020.0,219,213,1,0,0,0,0,4,1,2818899.423941823,8852141.887594094,205183.93214064618,1173.3634991775668,12147.853641647096,349.17213000395077,46868.5,173493.03134546647
1080.0,223,216,2,0,0,0,0,4,1,3086939.677120595,9694062.985157523,224589.0090354525,1292.9622026222455,13450.852498452887,386.14578668720685,50514.75,193514.25934658517
1140.0,220,214,1,0,0,0,0,4,1,3325220.732440339,10442378.207609199,241883.1444889895,1404.1722463181056,14476.654016704486,417.3987628021311,54402.5,213178.93207439687
1200.0,225,219,0,0,0,0,0,5,1,3589542.8931449475,11272285.92461342,260107.84115198583,1508.0814366411812,15536.268183606267,449.2259383675398,58708.75,233797.58076593094
1260.0,235,229,0,0,0,0,0,5,1,3823759.584055722,12007305.973587211,279846.0161070439,1612.9198331502623,16264.896013110876,473.1748006360842,64009.5,257028.6533411319
1320.0,224,220,0,0,0,0,0,4,0,4060762.7508367524,12750908.345694466,298134.83724385506,1711.9557310389018,16954.676425365506,496.64205979571904,69357.25,279399.5455335885
1380.0,236,233,0,0,0,0,0,3,0,4290810.829090899,13472550.18425614,317037.02882679674,1813.6972950314228,17493.026939182953,515.7202375400533,74505.25,302229.715354309
1440.0,238,235,0,0,0,0,0,2,1,4538992.267829052,14251106.736225069,338315.04853864014,1927.4409168766733,18107.216915869554,537.9554851888205,79325.75,326814.1173790793
1500.0,235,232,0,0,0,0,0,2,1,4778916.7970404355,15003674.922484662,356628.9297331759,2029.6326773067958,18631.636690175696,558.2062367932442,83410.75,350117.0303225369
1560.0,245,241,1,0,0,0,0,2,1,4990433.461142521,15667579.561638424,372597.04885646666,2115.6067891632447,19309.900149832843,577.5000350478965,87922.75,374319.55423868477
1620.0,245,241,1,0,0,0,0,2,1,5194738.833074804,16308618.499795856,387662.9271981229,2201.6547747024906,19871.429575690338,595.9238399536191,93107.75,400387.5824550832
1680.0,244,239,1,0,0,0,0,2,2,5430478.980708478,17048043.182000056,402402.11505544616,2305.329249942159,20406.69273878644,617.7004399073599,97938.5,425716.0547479542
1740.0,231,226,1,0,0,0,0,2,2,5671540.474195722,17804419.790221434,421312.2472632846,2438.1375418668918,21072.242154545755,643.4042612010052,102391.75,449978.5897144781
1800.0,223,218,1,0,0,0,0,1,3,5946936.337253996,18668259.590493947,444852.9267152278,2591.118496059041,21639.866467286854,669.8187667317716,106357.75,472541.6051479079
1860.0,208,202,1,0,0,0,0,2,3,6163598.091007484,19347977.66664538,461873.6043148799,2707.978522227221,22189.01691867292,693.0428975595831,110579.25,492817.8974202177
1920.0,207,202,0,0,0,0,0,2,3,6351950.187273097,19938813.04591122,473527.4504096198,2783.0073883740547,22586.241877218676,708.1505583122055,114996.25,511708.06133151305
1980.0,213,207,0,0,0,0,0,2,4,6582311.099163528,20662131.706989884,492584.8851798998,2906.4585749713356,23466.699156207767,735.1920987707366,119420.5,531226.5754124308
2040.0,215,209,0,0,0,0,0,2,4,6799142.281206941,21342663.853050027,508906.5295290748,3019.937093325123,24126.42664767518,759.1449721116865,123136.25,549510.2863199817
2100.0,215,210,0,0,0,0,0,1,4,7026245.72907001,22054917.119022556,526194.5417095502,3148.960999226847,24486.107395333678,779.9188684540267,126817.75,566411.1805949582
2160.0,233,229,0,0,0,0,0,1,3,7250136.746749758,22757104.19247484,543977.098116351,3270.4829672535675,24886.511643127094,798.7802468233358,131034.25,584892.4536823549
2220.0,226,222,0,0,0,0,0,0,4,7452552.394300148,23391766.133569583,559675.318086161,3411.893921758409,25133.310827779354,817.1995688310213,134946.0,603012.5429539782
2280.0,217,213,0,0,0,0,0,0,4,7655130.740382695,24026947.708123103,575796.6827701797,3516.651164560065,25385.222722160317,831.4340644388664,139110.25,623235.6759440001
2340.0,219,216,0,0,0,0,0,1,2,7886733.260690613,24753496.039713867,594551.1996805605,3634.333073866616,25895.84453513532,851.7811382504403,143208.5,643143.7658400681
2400.0,215,213,0,0,0,0,0,1,1,8065651.810343139,25314715.001249988,608898.6284988178,3726.8319384743263,26270.784496363303,866.3279990948524,147473.75,663002.4646559659
2460.0,218,215,0,0,0,0,0,2,1,8293957.446097339,26030686.436093766,625448.4957921183,3833.627365098181,26671.183809875827,884.1510840170068,151544.25,682381.3456019635
2520.0,219,216,0,0,0,0,0,2,1,8492591.6244889,26653692.233498298,640918.9663193949,3932.560200335831,27106.77162417791,901.6301672274814,155372.75,701753.9982276007
2580.0,221,217,0,0,0,0,0,2,2,8721195.386838324,27370930.160182647,659533.8747717185,4050.971248142751,27680.0981150673,923.9431400717913,159614.5,720661.6757388418
2640.0,226,222,0,0,0,0,0,2,2,8943310.082717577,28068293.35761392,675741.7516997027,4151.369628117106,28488.966734556303,947.1947602860873,164483.5,740453.7980882705
2700.0,241,237,0,0,0,0,0,2,2,9174123.62599836,28792487.69644086,693175.6650682794,4276.874678202515,29098.987092548294,970.4056906112231,168801.75,761395.4596978914
2760.0,254,250,0,0,0,0,0,2,2,9431568.797094822,29600216.366431136,711824.0148848249,4384.393057723721,29748.945882834167,993.0928207298923,172610.25,783666.0472040494
2820.0,240,235,0,0,0,0,0,3,2,9691445.385754196,30415463.654496346,728761.4601170257,4512.885810861957,30350.718177920775,1019.1842372555133,176381.0,805367.0063461775
2880.0,243,239,0,0,0,0,0,3,1,9935375.10347563,31180562.009982284,751166.5671920973,4639.4453837517685,30902.698979748693,1042.7244360613856,180772.25,828060.2410425557
2940.0,246,241,1,0,0,0,0,3,1,10164675.336030433,31899905.15574968,768493.084812286,4733.771932775665,31493.98512739447,1064.0602508129025,185722.5,851552.2913995787
3000.0,230,225,1,0,0,0,0,3,1,10399069.707353264,32635445.05628156,785221.9728699367,4828.829797007226,32203.93666118468,1087.1109672853245,190580.75,873538.3620454476
3060.0,222,217,1,0,0,0,0,3,1,10630930.63595725,33363414.345112167,801546.3760718214,4929.556529365664,33098.687977454945,1114.637212055152,195134.5,896072.525866397
3120.0,218,215,1,0,0,0,0,1,1,10858127.22659377,34075923.79792867,820397.0274467571,5036.713293096508,33507.07000978863,1132.2445541103218,199543.75,917932.0498075638
3180.0,224,220,1,0,0,0,0,2,1,11119208.780413834,34895232.1206186,842322.7766900876,5169.473413313941,34294.525452874186,1160.142853254093,204121.75,940116.4552549972
3240.0,228,224,1,0,0,0,0,2,1,11331140.22385725,35559908.90715279,860972.3536318787,5275.899830372555,34729.58025125129,1178.5136480313479,209083.25,962568.2410546476
3300.0,224,219,1,0,0,0,0,3,1,11515417.17731916,36138242.82910992,874593.1364899045,5355.181801636419,35313.67600856793,1196.8683725240062,214001.75,985916.1658834914
3360.0,229,224,1,0,0,0,0,3,1,11720659.286091225,36782257.08562988,889854.2186320636,5443.789871267416,35872.61735689634,1215.4708770254194,218233.25,1008689.2446360877
3420.0,228,224,1,0,0,0,0,3,0,11973924.819067786,37576744.04555295,911977.340118546,5562.102213873642,36531.43250644253,1240.7115368196062,222385.5,1030486.9863566009
3480.0,226,222,1,0,0,0,0,3,0,12247142.435498757,38434349.01582384,932971.5534613872,5675.540054881646,37484.17946725188,1270.7349030124255,226471.5,1050565.5931996184
3540.0,234,229,1,0,0,0,0,4,0,12498418.003840432,39223379.00403585,948453.7072644549,5761.453422387369,38517.33069670132,1298.8705576054947,230595.0,1072152.8802177773
3600.0,228,223,1,0,0,0,0,4,0,12703229.380555388,39866123.51799198,964925.0331163417,5849.454875136137,39204.0577591716,1320.324404665649,235236.75,1093120.1311927352
3660.0,228,222,1,0,0,0,0,5,0,12960692.698317563,40674237.97692409,982205.6758775715,5944.31043616805,40128.37242963072,1348.3327866699635,239838.75,1114592.3742980666
3720.0,225,220,1,0,0,0,0,4,0,13204461.2907031,41439423.10941402,999218.1791486242,6037.260861369129,41050.700972824074,1376.5942598787967,243892.75,1136490.444888516
3780.0,217,211,1,0,0,0,0,5,0,13416116.497274097,42103765.68921515,1016827.832543169,6130.986627340108,41811.4590887403,1400.2303826745735,248188.75,1157223.3562126292
3840.0,214,208,1,0,0,0,0,5,0,13653372.064326273,42849114.09750179,1033923.4899939139,6222.63643244079,43027.0989873859,1432.9109036525845,252198.75,1178557.843639445
3900.0,210,205,0,0,0,0,0,5,0,13866812.341612346,43518536.96062445,1049129.0903626338,6306.567818188155,43468.85867930266,1449.9472107707509,255523.5,1198510.3586505074
3960.0,198,193,0,0,0,0,0,5,0,14072161.634782773,44163127.75275835,1064217.4929903098,6388.271765345146,44227.74644683257,1472.6062883475781,259408.5,1219710.2816949266
4020.0,191,186,0,0,0,0,0,5,0,14270027.023317656,44783883.49699714,1078287.5042100386,6465.401287866111,44755.13835640076,1491.2091251284203,263589.25,1239246.3184659583
4080.0,184,179,0,0,0,0,0,5,0,14466986.588489814,45402705.79270638,1089604.5270959418,6528.01122420432,45764.31630093277,1516.7837701505928,267171.5,1256967.9551456154
4140.0,184,178,0,0,0,0,0,5,1,14641648.585759003,45950943.87327696,1102012.0308489122,6595.361290330642,46378.32756440618,1534.9149256850537,270390.75,1275077.3347828893
4200.0,175,171,0,0,0,0,0,3,1,14838823.379671426,46570111.96934962,1115589.7186327719,6679.649036232385,47168.061836589084,1558.3082623750167,273269.5,1292254.728451581
4260.0,175,171,0,0,0,0,0,2,2,15038656.62832173,47197021.41488995,1131304.7103681983,6779.941003669005,47676.06335312236,1577.8815573834197,276369.25,1308738.8546631485
4320.0,177,173,0,0,0,0,0,2,2,15230133.371201934,47797820.69460971,1146412.379090829,6871.871063516237,48196.76399647719,1596.9002392703524,280228.25,1325760.6577183125
4380.0,165,160,0,0,0,0,0,3,2,15398653.782337809,48326499.25029954,1160452.855583004,6962.542056650068,48599.22475974859,1613.865986061748,283495.0,1341943.317759396
4440.0,161,156,0,0,0,0,0,3,2,15565527.96699723,48850045.83249464,1171752.763893442,7041.570822952901,48983.71483614216,1630.1867384546701,286281.75,1356618.4778006522
4500.0,156,150,0,0,0,0,0,4,2,15709899.428976173,49303555.46708809,1183115.6331545713,7119.226762203669,49625.95187947416,1650.2091597754231,289094.25,1371630.3255227285
4560.0,146,140,0,0,0,0,0,4,2,15894671.34380384,49883737.42225869,1197710.7341889031,7221.90180331317,50375.29099130804,1675.899921908173,292057.75,1386408.0458513205
4620.0,151,146,0,0,0,0,0,3,2,16063032.366598422,50412119.275501564,1210221.560985298,7309.249909528293,50872.42822162079,1694.1349659610255,294488.75,1399640.3521097964
4680.0,155,151,0,0,0,0,0,2,2,16264303.868748289,51043791.73362433,1225154.942594054,7396.972786722641,51474.62485855159,1714.4285976979957,296906.0,1412637.913859764
4740.0,165,160,0,0,0,0,0,2,3,16413868.158870796,51513194.435576364,1234732.7874035486,7484.661841751697,51930.807059001556,1731.465192446892,299533.0,1425648.420567901
4800.0,170,166,0,0,0,0,0,1,3,16600505.484786486,52098714.682350166,1247211.0834591838,7570.019484156509,52345.45157191564,1748.3680889901325,302290.75,1438712.3967332724
4860.0,160,155,0,0,0,0,0,1,4,16752988.59342852,52576932.38351923,1258868.821225585,7662.194677428761,52613.950438059626,1762.581644543952,305449.0,1452057.6623895897
4920.0,162,158,0,0,0,0,0,1,3,16941427.47217496,53167779.22425982,1273483.7871344201,7772.035010949418,52848.76158220426,1778.2307855336135,308320.0,1465200.2790455888
4980.0,169,165,1,0,0,0,0,1,2,17104466.630179964,53679041.08197293,1285438.3289776475,7838.023950917506,53130.48356577351,1790.5052889398673,310835.75,1478804.888004666
5040.0,181,177,1,0,0,0,0,1,2,17297136.814103376,54283476.621533066,1300947.7999632333,7941.6970594971235,53580.67691929277,1809.6287538500283,313806.75,1492944.8079140128
5100.0,190,186,0,0,0,0,0,2,2,17469163.538620163,54823235.276012115,1314888.1835946955,8016.438595796248,54066.43668434772,1825.3938757860358,317000.5,1507902.5586215965
5160.0,191,187,0,0,0,0,0,2,2,17657276.12449226,55413492.03196849,1328092.3953146855,8119.5641332237965,54580.78255535938,1845.146563181782,320063.0,1522675.02619035
5220.0,189,184,0,0,0,0,0,3,2,17860612.366507206,56051713.76833397,1341981.3238516962,8215.99913002425,55228.144701544006,1866.5931137348448,322991.25,1537958.268217039
5280.0,172,168,0,0,0,0,0,3,1,18040004.687493138,56614844.3626378,1355269.1462866005,8298.523105753397,55855.48810810345,1887.1131559754936,326215.5,1552161.5024348812
5340.0,166,162,0,0,0,0,0,3,1,18217163.587326758,57170687.483302884,1368612.8806666527,8374.971290842872,56359.63911687812,1905.5917656104946,329382.5,1565506.4655392922
5400.0,164,160,0,0,0,0,0,3,1,18382823.531173952,57690971.537277035,1379961.397298646,8439.846594969584,57086.561374726836,1925.62471226079,332483.0,1579801.7701306574
5460.0,153,148,0,0,0,0,0,3,2,18545778.761793785,58203001.96302629,1389988.1319525344,8515.759609576095,57914.30168043888,1948.2978844251984,335265.25,1593619.5664332998
5520.0,157,154,0,0,0,0,0,2,1,18698585.74614943,58682932.87459893,1400555.039699184,8577.924281933658,58563.62705161397,1966.3022369707246,338259.75,1608083.1226635375
5580.0,165,161,0,0,0,0,0,3,1,18865614.770916693,59207330.478917286,1414324.0114745817,8654.462480021555,59180.3254295322,1984.5315015533831,341801.5,1623633.0006628013
5640.0,166,163,0,0,0,0,0,2,1,19014688.1668144,59675199.03642313,1423691.7810345455,8706.059124804711,59674.08154164987,1998.389528236117,345491.25,1639619.9456803065
5700.0,158,154,0,0,0,0,0,2,2,19190473.19328003,60226995.75344283,1436718.4158844533,8865.978110492693,60171.872347497956,2015.052527431076,348368.75,1654732.1324607574
5760.0,150,146,0,0,0,0,0,2,2,19358105.75409049,60753029.076819,1449014.7914480797,8954.988630078655,60628.78469168958,2033.5769799403809,350877.5,1669615.6095190006
5820.0,154,149,0,0,0,0,0,2,3,19524080.202552777,61273974.04035421,1462264.8329745235,9055.950337042683,61161.27113484741,2053.961701871993,353303.75,1683860.192108037
5880.0,152,147,0,0,0,0,0,2,3,19728226.67425843,61914520.899859555,1476967.6691732667,9174.524586973987,61680.205296884305,2076.9833297275445,355806.5,1698145.9887674872
5940.0,149,144,0,0,0,0,0,2,3,19878185.189709935,62384895.72377568,1488624.017308712,9265.697345917037,62030.80975271645,2093.095812442017,358424.0,1711211.0574571698
6000.0,155,151,0,0,0,0,0,2,2,20062691.106380288,62963597.314875916,1505065.4914948298,9376.698792128827,62430.19991751391,2112.863304685094,361185.0,1725106.5038734712
6060.0,165,161,0,0,0,0,0,2,2,20220841.453160517,63459530.134133644,1518740.2897275519,9480.702335706103,62710.12307763385,2128.07513973592,364292.25,1738979.1249400922
6120.0,163,159,0,0,0,0,0,2,2,20388459.026323758,63985262.77130574,1534360.8793170357,9586.860430909153,62995.3300651741,2144.018641693419,368033.5,1754031.505404176
6180.0,168,164,0,0,0,0,0,2,2,20597414.60384156,64641194.54393158,1549299.4286971202,9699.156646294517,63719.33717972608,2168.7236982115774,371438.25,1769960.5538558033
6240.0,173,169,0,0,0,0,0,2,2,20760065.68580965,65151508.35674931,1560026.5133610584,9782.771488865597,64103.58087229758,2184.097478220278,374379.0,1786298.2331548822
6300.0,166,161,0,0,0,0,0,3,2,20916138.386177473,65641603.48709404,1569839.241222774,9855.350032605724,64733.5360189384,2202.810703478423,377060.5,1800981.6217338874
6360.0,161,156,0,0,0,0,0,3,2,21084785.284293897,66170997.02435319,1583667.5212634075,9950.35724660486,65324.50137500937,2223.6773687438454,379710.75,1814629.656270114
6420.0,166,161,0,0,0,0,0,2,3,21257531.810257327,66712955.98680729,1595720.0811213672,10040.088171533347,65747.48379265703,2241.213129688829,382975.75,1828320.1401317767
6480.0,169,165,0,0,0,0,0,2,2,21427813.716803897,67247395.3054134,1609526.9137117919,10132.626994517843,66305.30447479578,2260.170564620396,386433.25,1842956.8978733402
6540.0,177,172,0,0,0,0,0,2,3,21600767.21374092,67789965.97947362,1623576.7129548162,10235.771083866775,66699.09441540821,2278.504621378435,389561.25,1858722.4800682107
6600.0,183,179,0,0,0,0,0,1,3,21777216.718887936,68343272.4572231,1636397.5655794523,10306.433374075808,66999.51747427143,2291.4182814929522,392473.5,1874119.6090973758
6660.0,184,179,0,0,0,0,0,1,4,21958951.108028468,68913255.53930363,1653150.52928757,10419.466575347187,67308.10344260679,2309.2255102195713,395903.25,1890286.895643412
6720.0,177,172,0,0,0,0,0,1,4,22152997.208236657,69521779.22114903,1666591.3123103704,10504.833894906931,67634.09205700918,2324.6498130051873,399425.0,1906141.3118971218
6780.0,165,160,0,0,0,0,0,1,4,22301026.34213518,69986033.02663061,1676421.8994865094,10602.170368497837,67892.6734921591,2339.4133148434994,402312.5,1920100.3098953525
6840.0,151,146,0,0,0,0,0,1,4,22474471.75289137,70529984.24756047,1691127.1130253568,10712.039159534868,68192.76687093492,2356.9391121003296,404835.75,1933662.7047443672
6900.0,151,145,0,0,0,0,0,1,5,22607029.44191771,70945604.5591024,1703543.0279241116,10813.84140787637,68357.31104456839,2369.4883617820606,407398.5,1946772.689087184
6960.0,154,149,0,0,0,0,0,0,5,22761344.10363571,71429491.40261723,1715213.3101667156,10958.204929344627,68542.95199174689,2387.0821006872497,410214.0,1960888.9395277097
7020.0,152,147,0,0,0,0,0,0,5,22901630.107657038,71869397.35101049,1728216.6911252732,11086.26361271901,68718.14045440972,2402.301687619204,413172.5,1975185.4118762014
7080.0,149,145,0,0,0,0,0,0,4,23054433.08338848,72348482.02678151,1740385.7146749252,11171.694327145726,68910.34260496894,2413.838257656987,416198.75,1989603.5211935914
7140.0,147,142,0,0,0,0,0,0,5,23182480.53577723,72750025.49202524,1749447.860304142,11271.02326115783,69062.32023543908,2426.861555038652,418658.0,2003623.9494381058
7200.0,145,141,0,0,0,0,0,0,4,23301523.16308192,73123305.15180592,1758881.1392764486,11336.65225391676,69206.13233880434,2435.7438260707677,421032.25,2017753.6877969839
7260.0,133,128,0,0,0,0,0,0,5,23453157.600443583,73598751.99976178,1770860.844018349,11427.601622307533,69396.59750956675,2448.4184867702647,423610.5,2030763.6481937063
7320.0,130,125,0,0,0,0,0,0,5,23571573.006001722,73970122.33018975,1780203.7231586883,11506.520843391178,69538.95576175656,2459.0027310594633,425831.25,2043400.9893122937
7380.0,132,126,0,0,0,0,0,0,6,23690445.061996624,74342899.32873863,1791774.780292334,11606.164991211233,69685.16926042449,2470.8128842119554,428275.0,2056999.721000469
7440.0,129,123,0,0,0,0,0,0,6,23818176.661878496,74743475.68258226,1803262.0336116264,11724.793791955986,69843.51184340076,2485.8024445947726,430713.75,2069747.9648246826
7500.0,125,119,0,0,0,0,0,0,6,23953916.87894299,75169136.43599874,1814306.4565739492,11811.037009854372,70009.52901881361,2497.811534672845,432844.75,2082059.6989460362
7560.0,129,123,0,0,0,0,0,0,6,24097441.398536775,75619115.64489576,1825823.235485037,11935.136280493623,70188.14491607356,2512.9963979118597,435092.5,2093289.363626537
7620.0,139,134,0,0,0,0,0,0,5,24235060.408277415,76050680.28061797,1835867.053303514,12044.598925686701,70351.44694888737,2527.6932030629278,437110.75,2104264.2645380488
7680.0,138,132,0,0,0,0,0,1,5,24381030.92431901,76508606.92006482,1847857.8855441795,12147.822941515846,70644.57532261846,2543.859520102519,439143.5,2115552.9074980607
7740.0,128,123,0,0,0,0,0,1,4,24523822.085323155,76956691.27042523,1861548.7260268487,12279.193682221414,71049.2087170577,2563.7418110060084,441474.5,2126053.759993239
7800.0,125,119,0,0,0,0,0,1,5,24631455.937981907,77294199.8046362,1868337.5348986688,12343.930204963252,71177.46954546726,2572.6814392646506,443820.5,2136159.869655185
7860.0,132,126,0,0,0,0,0,1,5,24757730.853027444,77690289.0690195,1878212.492444983,12464.889709927487,71408.8696188881,2589.7843011032023,445755.25,2146494.606513628
7920.0,140,135,0,0,0,0,0,1,4,24889826.06990744,78104913.6213002,1890141.6607573244,12559.813539057648,71770.88719514954,2606.670687322315,448072.0,2157101.763464243
7980.0,141,138,0,0,0,0,0,1,2,25057054.87515733,78629418.16249575,1904807.8441497753,12656.69997073263,72068.76021233675,2622.4759465219395,450370.25,2167821.805892361
8040.0,131,128,0,0,0,0,0,1,2,25183498.401587084,79025888.09569247,1911744.708285296,12710.165424774403,72221.61941686,2630.681861473055,452694.75,2178289.906292388
8100.0,130,126,1,0,0,0,0,1,2,25324807.2187748,79469272.19203262,1923282.6925161623,12787.062864719446,72609.21630341424,2645.431769340244,455132.5,2189772.8260483127
8160.0,134,131,1,0,0,0,0,1,1,25466140.090701275,79912686.75052352,1935278.0253907307,12856.764727667787,72984.84539439724,2660.0439005631574,457482.5,2200699.2582458938
8220.0,135,131,1,0,0,0,0,2,1,25599985.103673555,80332690.59065393,1943720.9568601886,12916.062327132304,73334.48229242148,2673.583579914681,459357.25,2211458.2628838397
8280.0,136,132,1,0,0,0,0,2,1,25735730.442760803,80758849.08649671,1953333.4613561076,12983.527242199358,73862.6460076525,2690.6008355044105,461587.75,2222169.9861568264
8340.0,130,127,1,0,0,0,0,1,1,25852652.944513626,81126038.6812025,1962562.5394058458,13037.11586196009,74356.07869468117,2704.5818546846594,463968.25,2232815.392986512
8400.0,131,127,2,0,0,0,0,1,1,25997225.921982307,81579960.4270415,1972293.4275874712,13094.075852730735,74908.19281986581,2720.7315615934162,466089.75,2242744.3623035573
8460.0,134,131,2,0,0,0,0,0,1,26130181.36477575,81997394.1423756,1980656.2959313337,13140.103629272988,75414.92897384545,2734.7383184232935,468159.75,2252266.9846010823
8520.0,140,136,2,0,0,0,0,1,1,26270701.540207136,82438377.06014214,1990860.778848904,13200.519313645596,75885.28567231855,2750.5813755682534,470235.5,2261223.515498304
8580.0,136,132,2,0,0,0,0,1,1,26391339.992910773,82817636.90290149,1997928.4463962032,13238.906944334305,76607.55071963211,2766.587792365162,472434.25,2270301.7393163787
8640.0,147,143,2,0,0,0,0,1,1,26544106.36201339,83297515.96492057,2009011.5225033525,13298.13870494978,77343.61114695703,2785.888874143531,474909.0,2280439.2092218315
8700.0,148,143,2,0,0,0,0,2,1,26710656.196430854,83821152.23551966,2020603.9076823604,13359.854582507214,78403.03525177868,2811.232880094211,477498.0,2291323.0258468133
8760.0,151,146,2,0,0,0,0,2,1,26877626.811601203,84345258.66337186,2032249.580353778,13423.694375893156,79026.29035882514,2830.7842394516288,480351.25,2303353.6101953634
8820.0,142,137,3,0,0,0,0,2,0,27013960.97955993,84774181.05409734,2040863.083311233,13469.28113575673,80088.48064933854,2854.879483692304,483058.25,2314413.1687472225
8880.0,148,143,3,0,0,0,0,2,0,27202056.59370949,85365053.59631687,2053875.6150340491,13539.742505157536,81007.15834998041,2880.461417942889,485447.25,2326295.8447399684
8940.0,145,139,3,0,0,0,0,3,0,27347041.918020383,85820845.04383062,2060915.4615787184,13579.353288825292,81917.26276971979,2902.5956153536254,487819.75,2337896.937176556
9000.0,149,144,3,0,0,0,0,2,0,27513671.793758687,86343908.30811214,2075095.3161975641,13654.602716935406,82536.84282119184,2923.0409937012028,490407.0,2350629.3975389856
9060.0,141,137,2,0,0,0,0,2,0,27648448.50135597,86766766.73085934,2083569.1764653285,13702.057192245342,82951.78598263097,2936.998941765843,493185.5,2363583.237668808
9120.0,150,145,2,0,0,0,0,2,1,27816877.58024328,87295648.64969519,2096043.8643527855,13824.13653619344,83651.26747649227,2957.4931711546756,495814.0,2377087.5530018257
9180.0,160,155,2,0,0,0,0,2,1,28028407.68805371,87959924.40300746,2112229.172910376,13914.425432958995,84575.70226842168,2984.7073270220526,498576.0,2391416.0911385356
9240.0,157,151,2,0,0,0,0,3,1,28187908.37485743,88460920.55627537,2122946.335438722,13981.115101358911,85311.58185368784,3005.0667749591034,501456.75,2405071.050015365
9300.0,159,154,2,0,0,0,0,2,1,28365274.409623187,89017689.63938013,2135190.4412362,14063.413982641643,85940.09647273693,3024.790231452693,504064.25,2418897.137499985
9360.0,163,160,0,0,0,0,0,2,1,28518431.897155963,89498180.1414496,2148177.5840955162,14137.435174340844,86331.16905305721,3039.5503767145206,506711.5,2433323.0238644127
9420.0,163,160,0,0,0,0,0,1,2,28684666.62268868,90019720.08225279,2159877.019137996,14224.09979782226,86723.62217411882,3055.236470253547,509079.5,2447067.4675681186
9480.0,148,145,0,0,0,0,0,1,2,28849020.00770395,90535378.67258288,2171702.734880216,14300.402014741323,87105.41576226344,3070.5319031932236,511534.5,2460130.6654440956
9540.0,148,144,0,0,0,0,0,1,3,28980857.50341598,90948785.30736253,2183684.156558749,14380.862932919248,87265.02696763082,3081.524185126177,514184.0,2472285.931655806
9600.0,144,141,0,0,0,0,0,0,3,29144580.55431796,91462186.43649463,2195526.0649603345,14482.233945651898,87462.64367950763,3095.869600935493,516580.75,2484036.706029251
9660.0,133,129,1,0,0,0,0,0,3,29254355.573204633,91806631.33659813,2203948.777343739,14527.743883197161,87758.89435674153,3104.857760891007,518689.0,2494522.9799903026
9720.0,134,131,1,0,0,0,0,0,2,29388092.698632665,92226306.71705735,2213982.0077701164,14606.427051990135,88127.62589851534,3119.175180431037,521185.25,2505131.5139820725
9780.0,133,130,1,0,0,0,0,0,2,29513801.078099478,92620672.38298677,2222280.001561668,14672.733609909623,88425.93051251741,3131.311997919484,523397.25,2515656.0239987406
9840.0,136,133,1,0,0,0,0,0,2,29644545.20468755,93030721.00168198,2232307.01939817,14752.06837349461,88666.29603251099,3143.8252930678213,525499.5,2526947.380050191
9900.0,138,136,1,0,0,0,0,0,1,29795232.532885496,93503528.61158414,2243688.6425562864,14829.313409474351,89065.95588245502,3158.561329571753,528126.25,2539299.5621428695
9960.0,136,133,1,0,0,0,0,0,2,29938485.402219616,93952756.23723069,2255719.7090513785,14909.482731198337,89327.53016740107,3171.703214025149,530390.75,2551328.0782767525
10020.0,121,119,1,0,0,0,0,0,1,30037077.02463957,94261883.96979234,2263079.206716275,14953.077237516149,89448.12004127806,3178.3821972585406,532552.5,2562883.558644535
10080.0,125,123,1,0,0,0,0,0,1,30171334.242535677,94683440.40963468,2272659.94052487,15013.648802218508,89951.15464709821,3193.1987162132077,534818.25,2574151.660163922
10140.0,125,122,1,0,0,0,0,0,2,30281940.950641647,95030314.16085416,2281636.652198568,15062.067527299047,90170.90946828513,3201.822401812761,536827.25,2584291.778692136
10200.0,126,123,1,0,0,0,0,0,2,30420170.08522321,95464223.438316,2292526.142644935,15148.818205665371,90573.5869601907,3218.7444614077,539151.75,2594074.059465284
10260.0,133,129,1,0,0,0,0,0,3,30546483.973400984,95860758.37419266,2306600.317107414,15314.247534450818,90895.51016443057,3231.5734188350984,541818.75,2605013.1313895737
10320.0,137,134,1,0,0,0,0,0,2,30691184.512556724,96314524.8878432,2318736.876273133,15394.976786687084,91161.85873870408,3244.5840840637143,544570.25,2615854.269486681
10380.0,147,143,1,0,0,0,0,1,2,30854039.358586606,96825993.36421563,2329259.5334719527,15458.135805029755,91849.54712335442,3263.459381392466,547397.25,2628236.442857498
10440.0,153,150,1,0,0,0,0,1,1,31016844.13230121,97336920.36464933,2342058.4804911474,15527.139385994295,92369.29262749181,3280.317102087081,549956.0,2640858.605162098
10500.0,145,142,1,0,0,0,0,1,1,31165173.38161812,97802610.25677948,2352731.7799232523,15591.96341888285,92921.17778399025,3296.4946615061626,552450.0,2653240.7598141385
10560.0,143,139,1,0,0,0,0,2,1,31329418.186439008,98318326.81952217,2363974.9342848347,15656.469190415175,93567.16417347972,3316.3069705950015,555245.0,2666313.597477613
10620.0,145,141,1,0,0,0,0,2,1,31484390.653669488,98804989.1921145,2376574.7473698654,15738.520954025375,94257.25011647822,3337.4209513600545,557972.25,2680334.7516162656
10680.0,150,147,0,0,0,0,0,3,0,31655962.336984396,99343573.86720353,2388310.893881116,15802.830806623615,94830.62606745734,3354.6077899376255,560602.0,2694442.917144042
10740.0,146,143,0,0,0,0,0,3,0,31809639.60807684,99825637.70225872,2398870.979377615,15861.429808428462,95194.66046140956,3367.921914683173,562929.5,2707166.1718450743
10800.0,148,145,0,0,0,0,0,3,0,31935099.077782143,100219280.33762455,2408412.6961044795,15912.675862013934,95596.47604083018,3380.954675658917,565656.5,2721101.283720105
10860.0,139,135,0,0,0,0,0,4,0,32088760.660244074,100702043.85450098,2418599.360976295,15967.915924939718,96371.82029192802,3401.574449800185,568282.5,2735131.3812668785
10920.0,127,123,0,0,0,0,0,4,0,32238512.5379323,101173007.35168424,2427878.0969422115,16017.873657649458,97364.60918427006,3424.624228693413,570466.75,2748351.7982813767
10980.0,121,116,0,0,0,0,0,5,0,32374148.65000827,101599408.52842657,2436360.4003429655,16063.764282315939,98225.6907487519,3445.2856574916823,572812.0,2760335.7644993244
11040.0,123,117,0,0,0,0,0,6,0,32504199.80329021,102008147.20935418,2444222.674364616,16106.679132174551,98993.02978535987,3465.292388676099,574958.25,2772113.0714764325
11100.0,127,121,0,0,0,0,0,6,0,32666082.071375854,102517083.24735497,2454412.4598114104,16161.882855897056,100011.71577270543,3491.1938905061957,577108.5,2783093.2868202147
11160.0,137,130,0,0,0,0,0,6,1,32844132.459342215,103076475.58774622,2467243.741570806,16246.286711177874,100984.31008080866,3520.1748594786795,579402.0,2794472.154518835
11220.0,130,124,0,0,0,0,0,4,2,32969724.275715396,103470803.01121081,2477481.712485997,16331.04598702053,101499.86595453387,3538.1193566287325,581673.0,2805479.4152394393
11280.0,130,123,0,0,0,0,0,4,3,33111589.75590209,103916765.2100284,2485586.869690838,16400.860525621174,102338.77070819166,3562.7457332117338,584520.5,2817546.2394560887
11340.0,134,127,1,0,0,0,0,3,3,33240386.15745153,104320917.9197181,2495261.347840026,16458.399022047783,102669.1547419687,3575.036478264457,587146.75,2830782.191530101
11400.0,144,137,1,0,0,0,0,3,3,33406290.314654943,104842150.91904838,2506387.4608671074,16551.551570792602,103482.23416874655,3599.748606340899,589598.25,2844596.9337610384
11460.0,142,135,2,0,0,0,0,2,3,33578837.58577193,105384545.20617178,2517355.884740263,16625.771687966622,104487.00442787065,3626.6359159478825,592300.25,2859208.216576047
11520.0,140,133,2,0,0,0,0,2,3,33718034.76304384,105821619.99445494,2527511.607667091,16695.8878136794,105047.51420429372,3645.3129156548407,594762.25,2873158.6422356446
11580.0,142,135,2,0,0,0,0,1,4,33842635.74302993,106213116.97546253,2538257.3137600655,16842.479558896477,105561.50801799912,3662.746989657958,597162.75,2887162.229301253
11640.0,136,128,2,0,0,0,0,2,4,33976776.304270245,106634699.70892067,2547835.3198942943,16938.831898470828,106189.80045447063,3685.9618333948365,599676.5,2901360.036676642
11700.0,131,125,2,0,0,0,0,2,2,34123950.39693539,107096938.51500386,2558825.1245861715,17028.113089449518,106828.58690810697,3707.648067012103,602330.25,2914691.3584765187
11760.0,131,124,2,0,0,0,0,2,3,34274553.70952706,107570495.30456744,2569625.638336422,17115.704387943748,107778.0427812355,3733.929431600416,605102.25,2928445.8841867894
11820.0,133,126,1,0,0,0,0,3,3,34430947.32787423,108062141.528881,2580040.584035549,17215.003914955967,108661.37606042938,3760.4612284612112,608235.0,2942557.5625468832
11880.0,135,128,1,0,0,0,0,3,3,34564128.672797956,108480306.26004001,2589863.0241057673,17302.93007546979,109180.12919654392,3781.4056787217405,611273.25,2957022.2210189938
11940.0,142,136,1,0,0,0,0,3,2,34717445.77158413,108962034.91402876,2600353.8127411166,17379.00711099779,109938.87363623027,3802.9287756834497,613537.75,2970852.957885071
12000.0,135,130,0,0,0,0,0,3,2,34854944.67822259,109393363.45367283,2608657.8348275973,17441.24316314383,110273.07356587939,3815.945422827274,615703.25,2983577.9824307417
12060.0,142,136,0,0,0,0,0,4,2,34997152.11535368,109840224.39795944,2618030.9723064634,17499.904601799386,111015.73912647717,3836.418016960181,618207.25,2997794.0354447174
12120.0,150,144,0,0,0,0,0,4,2,35168068.98213605,110376639.41881937,2630054.5263699293,17580.9663281025,111577.37110618288,3856.157647437957,620664.5,3011930.387738853
12180.0,146,140,0,0,0,0,0,3,3,35313403.532555245,110832996.47560607,2641769.1640018495,17720.57259336468,112117.61983737993,3874.101980595447,623147.75,3025315.307527859
12240.0,140,133,0,0,0,0,0,3,4,35441485.67043368,111235162.27106369,2652808.2351527954,17860.79718159751,112625.73069667746,3892.752224025113,625978.75,3038692.032880326
12300.0,156,149,0,0,0,0,0,3,4,35606813.95302842,111754126.50943226,2666502.2810928337,17951.809807039008,113213.61012465188,3913.931944187824,628779.75,3052829.801776762
12360.0,163,156,0,0,0,0,0,3,4,35793770.696482375,112341233.82587625,2678644.8697723206,18047.38981927741,113933.0458671372,3937.489230242628,631929.25,3068028.609336647
12420.0,148,143,0,0,0,0,0,3,2,35928795.00343269,112765197.25545554,2689408.0267576315,18111.177406893286,114474.6837315883,3953.6996599529307,635639.75,3083535.7978375326
12480.0,146,141,0,0,0,0,0,3,2,36084880.67366231,113255334.53152007,2701086.2240743698,18181.6087444225,115066.78355356898,3971.4655549739764,638904.25,3098797.6655850937
12540.0,142,136,0,0,0,0,0,4,2,36239675.4755742,113741454.88627669,2712524.3965234407,18253.330075752394,115679.15791428454,3990.9076354019744,641377.25,3114557.9207118116
12600.0,136,132,0,0,0,0,0,4,0,36369546.4025514,114150034.37255125,2721449.768009892,18300.039725754297,116656.60076469499,4012.8162462175337,643750.0,3128592.724114371
12660.0,132,128,0,0,0,0,0,3,1,36521768.93557951,114627896.10472898,2732037.3252583104,18357.927621933773,117211.70559608855,4029.23323147045,646353.5,3141324.085195426
12720.0,129,124,0,0,0,0,0,3,2,36651552.94300603,115035621.07300487,2740087.0567002557,18431.750357964647,117803.09922482683,4048.1076367260616,648490.75,3153313.5617523426
12780.0,130,124,0,0,0,0,0,4,2,36777885.84804506,115432993.5203433,2747582.025283622,18486.862254162403,118720.61287733483,4070.3509662631814,650862.25,3165153.1481880452
12840.0,128,122,0,0,0,0,0,4,2,36921412.42310363,115883533.91851152,2759884.9329412444,18573.165240432172,119260.55335913482,4090.7902587860754,653644.0,3177426.2426237795
12900.0,137,132,0,0,0,0,0,3,2,37051579.33612841,116292257.90641356,2769267.095073121,18641.71934216448,119795.79303183981,4108.219905357613,656483.0,3190142.973448772
12960.0,122,116,0,0,0,0,0,4,2,37187874.01818597,116720808.02003387,2779234.474418498,18724.710083842685,120700.95495202337,4132.914374180916,659588.0,3202702.7077581906
13020.0,123,116,0,0,0,0,0,5,2,37346543.94221213,117219424.17503534,2790835.7258473514,18817.2741585481,121544.7840315235,4158.275308877628,662497.5,3215798.9883767497
13080.0,124,116,0,0,0,0,0,6,2,37492954.08496195,117679560.41195284,2799480.051691736,18872.758378537827,122367.87819868646,4179.849052778297,664415.5,3229037.430770597
13140.0,120,111,0,0,0,0,0,7,2,37618620.56775401,118074887.75822565,2807711.419717806,18926.47791952393,123327.1734451071,4204.972322169389,666600.75,3242274.2645683773
13200.0,119,110,0,0,0,0,0,7,2,37758685.362463996,118515313.35697117,2818605.1678820048,19006.60463393056,124306.04079663515,4232.90494344172,669390.25,3255746.2935695276
13260.0,118,108,0,0,0,0,0,7,3,37894090.901747614,118941048.80765933,2828701.2352030743,19075.126800682254,125208.76410747391,4259.176567898921,672125.75,3269836.1868004496
13320.0,109,98,0,0,0,0,0,7,4,38021339.95601465,119341042.37826781,2838660.6491943006,19158.70041953464,126003.3002405011,4284.688055396559,674704.75,3284106.1517526344
13380.0,107,98,0,0,0,0,0,5,4,38152776.354062036,119753866.35682052,2848165.67029429,19217.39238163053,126625.88353882526,4304.300878882344,676945.0,3297286.518473667
13440.0,117,108,0,0,0,0,0,4,5,38301983.47318322,120222302.72880727,2859427.1127634533,19292.005031946755,127225.0634167452,4325.497580303983,679000.0,3310095.098717178
13500.0,114,106,0,0,0,0,0,3,5,38420233.37761729,120593607.54535891,2867712.4291439475,19365.552786857843,127640.68874148565,4342.339701530699,680959.0,3320848.7444619993
13560.0,120,112,0,0,0,0,0,3,5,38564426.258057356,121046238.54154463,2879038.0204325896,19444.012880305734,128119.47807607344,4361.886165412338,683138.0,3331711.1905829315
13620.0,119,110,0,0,0,0,0,4,5,38684468.90079852,121423680.17489032,2885901.656134381,19513.863343308247,128871.53650591175,4383.61103280695,685389.0,3342548.293678736
13680.0,112,104,0,0,0,0,0,5,3,38814925.29702121,121834658.79238546,2893873.1847878015,19566.133409213333,130092.50233330853,4411.141232375792,687501.5,3353252.5278412323
13740.0,119,112,0,0,0,0,0,4,3,38955276.47142978,122275865.36671636,2904773.348398175,19718.72707884254,130851.72418265679,4434.25649577828,689523.5,3363758.7282117563
13800.0,127,121,0,0,0,0,0,3,3,39099796.15127714,122729139.02947198,2916411.467769813,19799.331007467794,131115.88822587763,4448.487999326948,691474.75,3374057.7207840346
13860.0,123,116,0,0,0,0,0,3,4,39204448.269370236,123057495.60775095,2925549.948232438,19858.559656632868,131410.62197647,4460.730383547238,693870.25,3385163.1086045722
13920.0,132,125,0,0,0,0,0,4,3,39338113.828949206,123477617.26266089,2934293.0965189463,19912.667454637744,132213.45622479977,4481.999265907619,696282.25,3396928.910527114
13980.0,127,120,0,0,0,0,0,4,3,39485574.9397351,123941080.2621308,2943949.080738875,19990.75889654683,133011.92946153026,4506.724900821939,698327.25,3406970.466891434
14040.0,134,127,1,0,0,0,0,3,3,39639610.458558425,124424983.20091473,2953618.7167665674,20051.457610526933,133735.0615919308,4526.173125203973,700316.0,3417167.712218868
14100.0,135,130,1,0,0,0,0,2,2,39758109.21400823,124796846.38513786,2961859.2264629086,20099.766622482843,134097.17114682242,4538.476990967638,702128.25,3427214.0685171555
14160.0,142,137,1,0,0,0,0,2,2,39918389.61892986,125299993.99361123,2972704.3052059985,20173.301785592037,134645.4505819174,4555.856478394369,704304.75,3437547.792357929
14220.0,147,142,1,0,0,0,0,1,3,40067241.481516145,125766895.07242973,2983945.352560615,20280.64656300599,134986.15738567608,4573.135919751883,706805.0,3448808.651729431
14280.0,150,144,1,0,0,0,0,1,4,40243611.05439705,126320494.90402117,2996183.4257623153,20367.947045747198,135515.06564289093,4592.1777385255855,709324.0,3461115.97935473
14340.0,144,139,1,0,0,0,0,1,3,40379750.54908472,126747866.5142572,3006270.3994965022,20436.354733108572,135946.42161924622,4607.669789727748,711576.25,3472958.1674509477
14400.0,142,137,1,0,0,0,0,1,3,40496054.6917122,127112718.67924269,3016408.6260629804,20520.730866059734,136171.17394655367,4620.144127533861,714631.5,3485943.8761309315
14460.0,155,150,1,0,0,0,0,2,2,40685933.69790427,127709192.38229528,3031035.4010087843,20607.93458190339,137065.22532668832,4644.593663208928,717929.0,3499660.4001041926
14520.0,165,159,1,0,0,0,0,2,3,40870341.74036517,128288329.75072299,3042150.6926339082,20688.62456239371,137821.80944258324,4669.6512488769895,721130.0,3514057.0165337636
14580.0,168,161,1,0,0,0,0,2,4,41061857.510763355,128890070.61064664,3057120.6510849027,20806.16858986224,138706.1332839044,4697.749887171614,723871.5,3527232.966264387
14640.0,173,166,2,0,0,0,0,2,3,41249735.30338699,129480005.9256994,3071519.9462951594,20905.56477864633,139405.22535532154,4721.533560874669,726319.75,3540196.3038119082
14700.0,178,170,2,0,0,0,0,3,3,41460521.10336648,130142541.77979329,3085477.427821879,21003.398305133484,140577.57204778094,4753.891991834306,729218.5,3554154.5101246517
14760.0,184,175,2,0,0,0,0,3,4,41688153.43161327,130857612.2426678,3104055.960218192,21126.76370903527,141663.441760611,4788.457729856646,732544.75,3569552.3063623384
14820.0,196,188,1,0,0,0,0,2,5,41952028.0743882,131685552.61838508,3126754.6389158005,21256.92427315042,142405.6733094498,4816.737831644202,735778.0,3584494.031908877
14880.0,193,186,1,0,0,0,0,1,5,42140247.29874577,132276251.18601055,3140750.0958229196,21432.013077772604,142905.3263325798,4836.057817050374,739213.25,3599548.2187861917
14940.0,192,184,1,0,0,0,0,2,5,42338003.22924637,132897285.0241652,3154363.951828432,21532.835934495368,143726.38624331643,4861.5706565034025,742685.75,3614764.73764549
15000.0,203,195,1,0,0,0,0,2,5,42557005.534601726,133584838.43276061,3170157.4359013513,21649.33177255474,144502.38186847966,4888.155430863422,746000.75,3630793.151072128
15060.0,224,216,0,0,0,0,0,2,6,42795540.30101541,134333540.8525397,3189538.142701741,21860.292742286787,145122.21670820154,4921.149592040423,749966.75,3648149.350647996
15120.0,234,227,0,0,0,0,0,1,6,43039722.9655058,135099754.66207105,3212449.032769187,22101.83414839233,145647.66340194078,4945.670152669787,754470.0,3666400.945677424
15180.0,243,235,0,0,0,0,0,2,6,43300970.15257812,135919410.38736603,3233293.249050662,22247.367411276296,146298.35718746367,4972.633758804895,758779.25,3685126.6763780606
15240.0,239,231,0,0,0,0,0,3,5,43547320.06453379,136692183.1886794,3252692.623186211,22398.957283878117,146865.65359921323,4999.71809314346,762800.25,3704474.187855517
15300.0,250,241,0,0,0,0,0,4,5,43810275.94304158,137517557.48982006,3273831.4824642953,22516.383450953905,147764.83861185433,5028.416121550262,767812.25,3725692.48820263
15360.0,247,238,0,0,0,0,0,5,4,44093901.40104707,138407636.64728642,3294779.5732672797,22652.471801533386,148611.2602525459,5060.103646772356,772512.75,3747925.2748998012
15420.0,268,258,1,0,0,0,0,5,4,44337774.15072503,139173856.33141726,3310876.7575205537,22753.770629702765,149770.98191330626,5091.352033414073,776710.25,3770835.020302006
15480.0,282,272,1,0,0,0,0,4,5,44670367.67455948,140217733.96052334,3339004.458134177,22936.22490250588,150819.29183537883,5128.944706929658,782154.75,3796026.2924306006
15540.0,287,278,1,0,0,0,0,3,5,44973633.19907593,141169118.48524478,3364135.7135033826,23111.71234997151,151459.52950375082,5159.052243377576,788103.5,3822356.719515831
15600.0,281,273,1,0,0,0,0,2,5,45213871.88743165,141922645.2310911,3385035.095246747,23240.4968808904,151930.62945161795,5180.403765660863,794057.75,3849768.740393101
15660.0,287,280,1,0,0,0,0,2,4,45505617.02695822,142838144.23265758,3408979.26214062,23414.976544605528,152758.30020491433,5212.7433410812055,800423.75,3878153.031134382
15720.0,272,264,2,0,0,0,0,2,4,45753042.492396735,143614609.59590688,3429462.3974582446,23569.709150863386,153472.45971994277,5242.426381010115,805747.0,3905894.240810049
15780.0,267,258,2,0,0,0,0,2,5,45999128.54461082,144386639.7698526,3445922.69452268,23692.71645854857,154036.01414580448,5266.659251585754,810783.75,3935466.813497943
15840.0,264,256,3,0,0,0,0,1,4,46307006.38197553,145353165.62387347,3469068.8072089897,23860.17021872058,155094.63826495182,5303.356857560746,815694.5,3964848.5980771263
15900.0,266,258,1,0,0,0,0,2,5,46593846.50253104,146253119.60101125,3491929.7099462873,24012.21775185287,155813.61416161896,5332.607987722355,820327.5,3993599.2551969863
15960.0,256,247,1,0,0,0,0,3,5,46857892.95848449,147082066.7863543,3513305.632415558,24171.45984782848,156691.86123332154,5366.136898336156,825569.0,4020756.9261711137
16020.0,248,240,2,0,0,0,0,2,4,47131435.2536749,147940284.53628242,3535643.036310647,24326.372008345345,157385.81028333493,5394.682825761939,831360.0,4048208.6350370557
16080.0,247,238,2,0,0,0,0,2,5,47449589.193687156,148939514.3177587,3562979.48600507,24643.501559555196,158590.99580749293,5439.332718862247,836157.5,4074337.5849498142
16140.0,252,243,2,0,0,0,0,2,5,47717121.97633408,149779125.70458192,3584621.8307321593,24863.3289227359,159328.29921257973,5466.4938780093335,840587.5,4100157.0969805024
16200.0,237,228,2,0,0,0,0,2,5,47957187.239838585,150533095.43713087,3604236.625670483,25002.936008162047,160325.72209276332,5497.741090244872,845484.0,4124775.5520485044
16260.0,236,228,1,0,0,0,0,3,4,48182810.82832055,151241157.3968381,3619306.335940349,25139.233161333545,160985.58023802756,5524.537574763853,849680.25,4149051.440163629
16320.0,229,220,2,0,0,0,0,3,4,48440935.57984096,152051489.97501114,3634031.2154042507,25245.092686885288,161855.46620622376,5552.610635389104,853441.75,4171791.4140237835
16380.0,233,223,3,0,0,0,0,3,4,48682507.21971782,152810304.34097728,3652513.3563560704,25377.25620675306,162988.7005625584,5587.282873693702,857878.25,4194768.055909186
16440.0,234,223,3,0,0,0,0,4,4,48956727.07246231,153671578.27141953,3673014.429498119,25566.626883437617,164146.84940957354,5622.9525146497335,862545.75,4217340.947917179
16500.0,225,214,3,0,0,0,0,5,3,49219442.4536995,154497174.352839,3692222.343331583,25756.607985010465,165533.42840631373,5659.765017419573,867340.0,4240350.505751752
16560.0,217,207,3,0,0,0,0,5,2,49455689.04189539,155240104.79122075,3708452.9813362584,25866.83379336644,167131.2873792159,5701.23985321439,871931.0,4262341.794197948
16620.0,236,224,3,0,0,0,0,7,2,49709086.9253001,156035871.73402467,3723744.370817071,25951.618443641066,168272.78858651276,5733.447754516442,876327.25,4284313.10366495
16680.0,239,227,2,0,0,0,0,7,3,49966523.902416214,156844526.61389595,3739007.18868586,26051.069206982116,169536.16714389055,5771.574913706618,879998.25,4306435.2463472765
16740.0,234,221,2,0,0,0,0,8,3,50187920.57173526,157540408.93252203,3752787.74503472,26148.36121112172,170839.45037477868,5807.428885706072,884382.5,4328883.384631539
16800.0,232,220,1,0,0,0,0,7,4,50436263.98050687,158321138.65825003,3769511.0267245597,26306.775670679915,172334.66680606207,5846.303765297433,888845.0,4351512.646278957
16860.0,236,224,1,0,0,0,0,7,4,50695396.0089125,159135707.61888644,3786818.7403739295,26439.925872911885,173810.28624522535,5890.584888235541,892868.0,4374410.150346633
16920.0,228,216,1,0,0,0,0,6,5,50930379.38316473,159873950.22092366,3805361.456939109,26619.52432401688,174924.84388317514,5923.945739499342,896914.75,4396107.551372781
16980.0,229,219,1,0,0,0,0,5,4,51154277.56728304,160576740.06071848,3821930.1983408476,26765.754664101813,175637.7104989352,5954.051850082776,900777.5,4417473.825678836
17040.0,232,222,1,0,0,0,0,5,4,51386130.20933438,161304854.19038194,3838760.5861553163,26858.964071104754,176674.40157189727,5983.73220528971,904857.75,4440465.24650712
17100.0,232,221,1,0,0,0,0,6,4,51658585.834883705,162161158.034116,3857705.185639724,26991.945227196782,178162.95945182102,6025.17523865989,909705.5,4465208.365954991
17160.0,246,236,0,0,0,0,0,7,3,51915642.962464355,162968429.77196017,3877599.350812269,27120.774468056785,179305.08837010275,6060.55849942157,914285.0,4489927.973886909
17220.0,247,236,0,0,0,0,0,8,3,52208678.362443924,163889750.51646963,3896281.6175742936,27254.899731820475,181177.2403507178,6109.615131153031,918913.5,4515451.115983044
17280.0,241,231,1,0,0,0,0,7,2,52497333.485937305,164796453.44450548,3918830.4387705363,27406.010758514127,182553.21762981339,6151.92911063087,923670.0,4540834.188688675
17340.0,239,228,1,0,0,0,0,6,4,52785041.021921024,165699588.87353635,3942783.073087374,27575.300005581397,183552.78529544413,6188.19040935531,928428.5,4565951.028490918
17400.0,232,221,2,0,0,0,0,5,4,53054908.70452006,166547052.82050487,3961666.3680075407,27712.746447524245,184638.414894517,6224.221227323657,932583.75,4590186.798621709
17460.0,219,209,2,0,0,0,0,6,2,53310633.75106315,167350897.5924093,3978971.9248589487,27820.62156134442,186103.68882848826,6260.906645780059,936655.5,4612575.627893777
17520.0,218,207,2,0,0,0,0,6,3,53585773.012591675,168215968.768077,4000068.6186326323,27985.219742726404,187839.12044681134,6304.774143974855,940928.75,4634303.409643917
17580.0,232,222,2,0,0,0,0,6,2,53829863.45114385,168982531.18820733,4017479.134631035,28094.5801885157,188858.08399683802,6334.529502641036,945601.0,4658236.695840206
17640.0,233,224,1,0,0,0,0,5,3,54068591.21901506,169731924.6163069,4035382.7900899844,28300.210559858257,189565.49546403787,6361.553729449247,950375.25,4681784.3300153725
17700.0,230,220,1,0,0,0,0,5,4,54293142.67450302,170436555.72542614,4051370.6349577648,28398.67446497393,190221.75354928809,6383.734878904964,955167.5,4706718.74855573
17760.0,246,236,1,0,0,0,0,5,4,54567273.02674282,171296679.55394828,4074138.8609336223,28539.051712250424,190961.02819204057,6412.736099893686,959766.75,4730755.117876195
17820.0,238,228,1,0,0,0,0,4,5,54793270.79904278,172005670.9723307,4093417.4863396185,28679.93320905469,191518.80095099806,6438.0925287844375,964661.75,4755044.156449243
17880.0,247,237,0,0,0,0,0,4,6,55033337.37824583,172758943.93477222,4113316.2112374473,28827.954334545553,192157.44134570492,6464.056199070057,970069.0,4780866.576445888
17940.0,257,247,0,0,0,0,0,4,6,55296303.86931044,173584765.72712898,4133019.5869230116,28990.651365871145,193201.84110444284,6499.396396137648,975772.75,4808662.659005759
18000.0,255,245,0,0,0,0,0,4,6,55589446.91206829,174504778.29533902,4157297.918067706,29171.18379603721,194154.98565861915,6535.065461219633,981181.75,4836812.06529313
18060.0,356,342,0,0,0,0,0,5,9,55990648.85130474,175763501.68605936,4191349.001613438,29423.975953539608,195083.57545946987,6580.795448321633,986868.75,4864466.660546599
18120.0,474,458,0,0,0,0,0,6,10,56552018.82457984,177524986.76905933,4236630.274781082,29756.114804705012,196532.75555447195,6643.255462845927,993758.75,4896100.106898347
18180.0,584,564,1,0,0,0,0,8,11,57120646.11242173,179309878.57839894,4278411.630491106,30089.839301044296,198478.97981244113,6713.629324686873,1002532.5,4931597.064165398
18240.0,683,660,1,0,0,0,0,9,13,57775608.738622315,181364408.3566391,4333135.437597754,30531.736143011658,199917.9558596548,6785.392241312907,1013417.0,4971955.015978742
18300.0,798,773,1,0,0,0,0,10,14,58594457.04823796,183933847.45348912,4397455.026162463,30988.858040257343,202087.9888965158,6873.1920871506945,1025719.25,5018781.202137163
18360.0,891,864,2,0,0,0,0,10,15,59579636.38418954,187024660.94918308,4477685.16377606,31543.56977315182,204667.39292935794,6979.307699999565,1041302.0,5074505.678462606
18420.0,988,957,3,0,0,0,0,11,17,60613856.58801097,190270607.85988745,4556732.711793383,32095.773312187153,207840.57240088488,7095.929045149403,1059438.5,5139616.559650371
18480.0,1092,1056,3,0,0,0,0,13,20,61725846.62598768,193761285.45320016,4645416.84495194,32738.525065313388,211575.7600085523,7230.225681016157,1077949.0,5217905.617988421
18540.0,1164,1125,3,0,0,0,0,14,22,62939647.81175543,197571027.4081374,4746641.815039801,33485.278281467334,215265.32542566344,7373.361629978731,1099442.25,5308064.411071925
18600.0,1197,1156,3,0,0,0,0,18,20,64140881.61863367,201340652.64145324,4844703.205291028,34209.01109198127,218852.50766604484,7514.990394148126,1122528.5,5408784.8603450935
18660.0,1264,1223,4,0,0,0,0,17,20,65385719.62816288,205247044.0852085,4932909.559793991,34822.93034984201,222422.7227574237,7647.719206110556,1145921.25,5524646.501687474
18720.0,1321,1278,3,0,0,0,0,19,21,66635224.86568696,209168013.14913175,5035606.790050966,35497.872708806004,226098.96977520356,7780.578467166189,1169969.25,5653514.909650403
18780.0,1329,1283,3,0,0,0,0,21,22,67910839.57155472,213172845.22650233,5129382.059020856,36181.68502837391,230956.2425796326,7941.11567941232,1194126.5,5792659.833733467
18840.0,1353,1307,5,0,0,0,0,20,21,69307558.78629583,217556848.22227123,5233373.690849291,36900.97147643294,235528.71491836236,8100.8964819399625,1219069.75,5940397.712554956
18900.0,1338,1290,4,0,0,0,0,22,22,70647194.90435876,221762984.80445367,5340405.573529401,37707.21285638446,240502.49510386906,8264.647125339769,1245263.5,6092787.913865526
18960.0,1342,1293,6,0,0,0,0,23,20,72009344.17252482,226039514.30775416,5442047.66249708,38414.87192824944,245651.3736921037,8433.312355495851,1271416.75,6244495.014755468
19020.0,1342,1290,6,0,0,0,0,24,22,73372992.09240872,230321607.7232315,5534978.149420115,39100.241056096784,251163.08475586225,8611.608044860011,1295678.25,6399703.436462914
19080.0,1334,1285,5,0,0,0,0,25,19,74708328.98550665,234514043.8523332,5649838.4592622835,40015.79495437248,256095.26153868285,8778.790929175188,1320702.25,6553082.012548888
19140.0,1362,1315,6,0,0,0,0,24,17,76110003.9144503,238915538.61060715,5757524.353038156,40782.80959313969,261671.19203390548,8951.527710295573,1345963.5,6708113.318099634
19200.0,1357,1310,5,0,0,0,0,27,15,77446407.45365086,243111447.89674294,5855783.4753615465,41435.705639916116,266881.63257814717,9116.561430923763,1372233.0,6866125.926455475
19260.0,1339,1293,6,0,0,0,0,25,15,78865566.98313266,247567552.5981092,5972198.395866356,42208.62500105682,272632.3757652094,9292.39607764253,1399261.0,7022414.476205004
19320.0,1358,1311,6,0,0,0,0,25,16,80224740.19639114,251834964.35554487,6076996.654222274,42915.97424135046,277995.0252108238,9460.517649218347,1425827.75,7179438.029676584
19380.0,1399,1353,6,0,0,0,0,24,16,81694058.19463177,256448804.19477683,6178840.347789399,43637.9454859309,283987.13019975886,9640.407941653642,1452509.5,7344049.635956117
19440.0,1411,1363,5,0,0,0,0,27,16,83093176.42391816,260840575.8370693,6296585.833200363,44388.11215274942,288962.1122107556,9807.436180136607,1479979.75,7511190.610620002
19500.0,1406,1354,6,0,0,0,0,29,17,84657708.95810409,265752683.17624456,6408504.159714725,45162.15306262791,294989.28709272144,10002.847513315557,1507169.25,7678418.4797908785
19560.0,1413,1360,6,0,0,0,0,30,17,86104348.12031968,270294619.50690925,6508117.269657228,45897.42480498076,300533.7572779997,10181.885098956782,1533206.5,7845688.592598439
19620.0,1405,1349,6,0,0,0,0,31,19,87473195.84497295,274593077.1207426,6614309.321539149,46619.752716288596,306432.21983105387,10367.135244700487,1561562.25,8013892.453049929
19680.0,1400,1346,5,0,0,0,0,29,20,88918907.14225595,279133326.8284045,6717716.552559929,47363.92973430052,312514.6101035007,10556.285600853815,1590637.25,8187012.246411024
19740.0,1427,1373,6,0,0,0,0,29,19,90393022.99096893,283762432.96985453,6828554.372877173,48081.30900452549,318865.4767081437,10750.13241064971,1619724.25,8363738.539125865
19800.0,1426,1374,6,0,0,0,0,29,17,91832732.81113957,288281591.6857796,6947503.477477607,48859.002240226226,323971.99209527846,10922.488152314698,1649456.25,8542565.625466224
19860.0,1457,1401,5,0,0,0,0,32,19,93315314.07002117,292937105.38774043,7060284.111737414,49624.01466990652,330288.19947702665,11122.589600720878,1678095.25,8723481.768453354
19920.0,1471,1415,4,0,0,0,0,30,22,94891944.87251934,297887998.33521575,7178841.357597915,50573.518057769805,336629.45473394456,11329.864325075936,1708045.0,8911627.324574467
19980.0,1483,1426,4,0,0,0,0,32,21,96537432.14514036,303054596.0209851,7312421.030849831,51636.24813707114,343058.7373399994,11536.781535712867,1739001.25,9101401.529106729
20040.0,1494,1441,5,0,0,0,0,29,19,98209820.04184906,308306051.30983835,7434887.6927764,52557.93970185642,349603.14483733237,11748.373425306438,1768183.0,9283832.514276212
20100.0,1474,1423,5,0,0,0,0,28,18,99737833.69737257,313103388.0827531,7542554.893440136,53329.20292834819,355293.6769087503,11928.973057943631,1795250.25,9468026.275051013
20160.0,1466,1414,5,0,0,0,0,26,21,101319514.835869,318067745.8435833,7677270.503638586,54283.54534943708,360498.2317040213,12123.788023665005,1823359.5,9657123.778428294
20220.0,1477,1426,7,0,0,0,0,23,21,102770769.57486767,322624640.7407866,7787494.2310216,55097.04047447421,366161.5689524591,12302.892557095915,1852220.75,9852496.964455696
20280.0,1482,1436,7,0,0,0,0,21,18,104239327.40527141,327233541.3452462,7897186.347746084,55785.573715884646,370914.5131055138,12465.194773612038,1880727.75,10050979.312426612
20340.0,1517,1467,8,0,0,0,0,24,18,105763646.32175271,332018337.0006702,8022190.918041614,56600.01433332118,376245.7432157178,12648.37335754646,1910710.0,10257151.814572345
20400.0,1497,1444,9,0,0,0,0,26,18,107302668.4993879,336851352.93920994,8130376.405272344,57356.00700106164,382791.5579379414,12844.721014510515,1940679.0,10461073.856648687
20460.0,1493,1439,8,0,0,0,0,26,20,108725911.57599343,341320369.1044439,8239404.484659585,58144.894958211196,388488.3925127493,13023.506465633223,1969930.5,10663712.334514549
20520.0,1507,1455,9,0,0,0,0,25,18,110424916.47212875,346655652.341436,8381231.494113907,59160.49314584291,395481.36635025515,13251.28350783697,2001089.0,10869889.766020514
20580.0,1494,1443,7,0,0,0,0,26,18,111912312.71566878,351324642.67696714,8496768.427077688,59908.596889109285,400743.31263688527,13423.770415492983,2032114.25,11079732.705696834
20640.0,1477,1425,7,0,0,0,0,26,19,113416199.87253536,356045730.857147,8610856.255686836,60665.364663891094,406187.1882105304,13606.467127284348,2061736.5,11289188.751009861
20700.0,1432,1378,6,0,0,0,0,25,23,114855935.48228167,360566338.5355254,8723524.000113184,61472.35610935897,411916.97018768085,13788.838105795698,2091372.25,11493786.126317065
20760.0,1465,1412,5,0,0,0,0,26,22,116344225.09840256,365237861.34480786,8839270.220256215,62247.15459503919,416959.1143694659,13962.101034742725,2122544.25,11704992.643000022
20820.0,1472,1418,5,0,0,0,0,28,21,117725958.28407882,369575749.55092454,8944059.642161155,63010.41905586139,422187.3278059516,14137.142028016171,2154033.25,11920839.555200381
20880.0,1460,1408,5,0,0,0,0,23,24,119033922.37319106,373680931.3006159,9051786.173820017,63773.92298274171,426393.3368808152,14289.795725468333,2185530.0,12135011.062799675
20940.0,1465,1412,5,0,0,0,0,24,24,120556017.21663563,378458500.5988738,9172545.413200479,64597.87110962446,431443.1986497297,14469.073155089047,2216242.25,12347426.527134452
21000.0,1465,1409,6,0,0,0,0,24,26,122015015.98617491,383038002.5701913,9286970.594117729,65511.16054259857,436400.52008719987,14648.341568151467,2247345.5,12564808.283438921
21060.0,1455,1400,7,0,0,0,0,22,26,123517028.85203832,387753659.76424253,9408123.780647496,66406.70487488506,442155.26481235755,14844.476372802736,2279391.75,12782101.421562303
21120.0,1454,1396,7,0,0,0,0,25,26,125052958.67291355,392577075.6934423,9529229.404236168,67298.57031235007,448626.1325050284,15046.660230764019,2311845.25,13001044.424315523
21180.0,1449,1391,6,0,0,0,0,24,28,126481695.12894157,397061490.59900343,9651089.252209175,68206.3920276243,453279.02268666396,15216.379192772874,2343005.0,13223461.83341679
21240.0,1458,1398,5,0,0,0,0,27,28,128005404.08789395,401846322.63079375,9772216.682485072,69176.27384800113,459480.0245177596,15431.099075087,2375086.5,13450222.513436124
21300.0,1467,1409,5,0,0,0,0,29,24,129544632.08451198,406678342.2388921,9899534.872621117,70059.07379639617,465099.4796221736,15626.77599232912,2406154.25,13682213.908713082
